{
  "val": {
    "f1_macro": 0.8411139092543181,
    "f1_weighted": 0.8669115939500405,
    "accuracy": 0.873015873015873
  },
  "test": {
    "f1_macro": 0.8611232647763376,
    "f1_weighted": 0.878050648758302,
    "accuracy": 0.8826777087646653
  },
  "train_size": 6758,
  "val_size": 1449,
  "test_size": 1449
}